{
  "rmse_bp": 286.15495848350815,
  "mae_bp": 228.4875042315129,
  "p90_ae_bp": 450.49844631964487,
  "coverage_90": 0.9051724137931034,
  "avg_width_bp": 920.973230845594,
  "width_70_bp": 551.7366601552543,
  "width_80_bp": 698.5461454640465,
  "width_90_bp": 920.973230845594,
  "width_99_bp": 1922.5703040650208,
  "direction_acc_03": 0.43103448275862066,
  "final_score": 0.04402472273890741,
  "residual_q70": 0.027586833007762716,
  "residual_q80": 0.03492730727320233,
  "residual_q90": 0.0460486615422797,
  "residual_q99": 0.09612851520325104
}