{
  "interval_method": "regime_residual_quantile",
  "vol_col": "fund_ret_std_20",
  "regime_thresholds": {
    "low_max": 0.010775344244946956,
    "high_min": 0.013195582013383137
  },
  "global_quantiles": {
    "70": 0.0092675514454582,
    "80": 0.013220332210203774,
    "90": 0.01746442856223253,
    "99": 0.029055898337017754
  },
  "group_quantiles": {},
  "group_size": {
    "low_vol": 11,
    "mid_vol": 10,
    "high_vol": 11
  },
  "coverage_70": 0.6875,
  "coverage_80": 0.78125,
  "coverage_90": 0.875,
  "coverage_99": 0.96875,
  "width_70_bp": 185.351028909164,
  "width_80_bp": 264.40664420407546,
  "width_90_bp": 349.2885712446506,
  "width_99_bp": 581.1179667403551
}