{
  "prediction_mode": "t_plus_1_close",
  "training_mode": "fast",
  "refine_top_k": 5,
  "walk_forward_step": 5,
  "max_walk_forward_points": 40,
  "walk_forward_eval_points": 32,
  "point": {
    "rmse": 0.012131515936244622,
    "mae": 0.009341478130928584,
    "p90_ae": 0.017671339640598156,
    "rmse_bp": 121.31515936244622,
    "mae_bp": 93.41478130928584,
    "p90_ae_bp": 176.71339640598157,
    "pred_real_corr": 0.3878761479319468,
    "pred_real_std_ratio": 0.157211709019894,
    "baseline_zero_rmse_bp": 123.7636698892421,
    "baseline_mean_rmse_bp": 126.40326985807471,
    "model_vs_zero_improvement": 0.019783758262720226,
    "model_vs_mean_improvement": 0.04025299742120122,
    "flat_prediction": false,
    "low_correlation": false,
    "near_baseline": true,
    "score": 0.05751378850637122,
    "baseline_median_rmse_bp": 115.22600665072198,
    "baseline_last_rmse_bp": 178.00345161839155,
    "before_proxy_metrics": {
      "rmse": 0.011172817704525044,
      "mae": 0.008707797657794482,
      "p90_ae": 0.01947861528683541,
      "rmse_bp": 111.72817704525043,
      "mae_bp": 87.07797657794482,
      "p90_ae_bp": 194.7861528683541,
      "pred_real_corr": 0.3704378355649509,
      "pred_real_std_ratio": 0.13178846539652614,
      "baseline_zero_rmse_bp": 116.73279752984487,
      "baseline_mean_rmse_bp": 115.68911132457217,
      "model_vs_zero_improvement": 0.0428724453666495,
      "model_vs_mean_improvement": 0.03423774488343251,
      "flat_prediction": true,
      "low_correlation": false,
      "near_baseline": true,
      "score": 0.05791795578924438
    },
    "after_proxy_metrics": {
      "rmse": 0.012131515936244622,
      "mae": 0.009341478130928584,
      "p90_ae": 0.017671339640598156,
      "rmse_bp": 121.31515936244622,
      "mae_bp": 93.41478130928584,
      "p90_ae_bp": 176.71339640598157,
      "pred_real_corr": 0.3878761479319468,
      "pred_real_std_ratio": 0.157211709019894,
      "baseline_zero_rmse_bp": 123.7636698892421,
      "baseline_mean_rmse_bp": 126.40326985807471,
      "model_vs_zero_improvement": 0.019783758262720226,
      "model_vs_mean_improvement": 0.04025299742120122,
      "flat_prediction": false,
      "low_correlation": false,
      "near_baseline": true,
      "score": 0.05751378850637122
    },
    "proxy_feature_gain": {
      "rmse_improvement": -0.0009586982317195784,
      "mae_improvement": -0.0006336804731341024,
      "corr_improvement": 0.01743831236699589,
      "std_ratio_improvement": 0.02542324362336787,
      "mean_baseline_improvement_delta": 0.00601525253776871
    },
    "proxy_features_helpful": false,
    "proxy_feature_count": 93
  },
  "direction": {
    "direction_acc": 0.475,
    "direction_acc_03": 0.47058823529411764,
    "auc": 0.6766917293233083,
    "brier_score": 0.26289529617328317,
    "calibration_error": 0.1809378317756019,
    "strong_signal_count": 30,
    "strong_signal_ratio": 0.75,
    "strong_signal_win_rate": 0.5333333333333333,
    "direction_baseline_acc": 0.525,
    "direction_model_vs_baseline_improvement": -0.050000000000000044,
    "score": 0.26289529617328317,
    "direction_available": true
  },
  "interval": {
    "coverage_70": 0.6875,
    "coverage_80": 0.78125,
    "coverage_90": 0.875,
    "coverage_99": 0.96875,
    "width_70_bp": 185.351028909164,
    "width_80_bp": 264.40664420407546,
    "width_90_bp": 349.2885712446506,
    "width_99_bp": 581.1179667403551,
    "residual_group_used": null
  },
  "rmse": 0.012131515936244622,
  "mae": 0.009341478130928584,
  "p90_ae": 0.017671339640598156,
  "rmse_bp": 121.31515936244622,
  "mae_bp": 93.41478130928584,
  "p90_ae_bp": 176.71339640598157,
  "pred_real_corr": 0.3878761479319468,
  "pred_real_std_ratio": 0.157211709019894,
  "baseline_zero_rmse_bp": 123.7636698892421,
  "baseline_mean_rmse_bp": 126.40326985807471,
  "model_vs_zero_improvement": 0.019783758262720226,
  "model_vs_mean_improvement": 0.04025299742120122,
  "flat_prediction": false,
  "low_correlation": false,
  "near_baseline": true,
  "score": 0.26289529617328317,
  "baseline_median_rmse_bp": 115.22600665072198,
  "baseline_last_rmse_bp": 178.00345161839155,
  "before_proxy_metrics": {
    "rmse": 0.011172817704525044,
    "mae": 0.008707797657794482,
    "p90_ae": 0.01947861528683541,
    "rmse_bp": 111.72817704525043,
    "mae_bp": 87.07797657794482,
    "p90_ae_bp": 194.7861528683541,
    "pred_real_corr": 0.3704378355649509,
    "pred_real_std_ratio": 0.13178846539652614,
    "baseline_zero_rmse_bp": 116.73279752984487,
    "baseline_mean_rmse_bp": 115.68911132457217,
    "model_vs_zero_improvement": 0.0428724453666495,
    "model_vs_mean_improvement": 0.03423774488343251,
    "flat_prediction": true,
    "low_correlation": false,
    "near_baseline": true,
    "score": 0.05791795578924438
  },
  "after_proxy_metrics": {
    "rmse": 0.012131515936244622,
    "mae": 0.009341478130928584,
    "p90_ae": 0.017671339640598156,
    "rmse_bp": 121.31515936244622,
    "mae_bp": 93.41478130928584,
    "p90_ae_bp": 176.71339640598157,
    "pred_real_corr": 0.3878761479319468,
    "pred_real_std_ratio": 0.157211709019894,
    "baseline_zero_rmse_bp": 123.7636698892421,
    "baseline_mean_rmse_bp": 126.40326985807471,
    "model_vs_zero_improvement": 0.019783758262720226,
    "model_vs_mean_improvement": 0.04025299742120122,
    "flat_prediction": false,
    "low_correlation": false,
    "near_baseline": true,
    "score": 0.05751378850637122
  },
  "proxy_feature_gain": {
    "rmse_improvement": -0.0009586982317195784,
    "mae_improvement": -0.0006336804731341024,
    "corr_improvement": 0.01743831236699589,
    "std_ratio_improvement": 0.02542324362336787,
    "mean_baseline_improvement_delta": 0.00601525253776871
  },
  "proxy_features_helpful": false,
  "proxy_feature_count": 93,
  "direction_acc": 0.475,
  "direction_acc_03": 0.47058823529411764,
  "auc": 0.6766917293233083,
  "brier_score": 0.26289529617328317,
  "calibration_error": 0.1809378317756019,
  "strong_signal_count": 30,
  "strong_signal_ratio": 0.75,
  "strong_signal_win_rate": 0.5333333333333333,
  "direction_baseline_acc": 0.525,
  "direction_model_vs_baseline_improvement": -0.050000000000000044,
  "direction_available": true,
  "coverage_70": 0.6875,
  "coverage_80": 0.78125,
  "coverage_90": 0.875,
  "coverage_99": 0.96875,
  "width_70_bp": 185.351028909164,
  "width_80_bp": 264.40664420407546,
  "width_90_bp": 349.2885712446506,
  "width_99_bp": 581.1179667403551,
  "residual_group_used": null,
  "final_score": 0.05751378850637122,
  "residual_q70": 0.0092675514454582,
  "residual_q80": 0.013220332210203774,
  "residual_q90": 0.01746442856223253,
  "residual_q99": 0.029055898337017754,
  "excess": {
    "excess_cyb": {
      "excess_corr": 0.6516338965425227,
      "excess_rmse": 0.007522156967395989,
      "excess_direction_acc": 0.75,
      "excess_auc": 0.8825910931174089,
      "outperform_prob": 0.21875,
      "model_available": true
    },
    "excess_kcb50": {
      "excess_corr": 0.6369430704845715,
      "excess_rmse": 0.013917078026522282,
      "excess_direction_acc": 0.75,
      "excess_auc": 0.6280193236714975,
      "outperform_prob": 0.15625,
      "model_available": true
    },
    "excess_top10": {
      "excess_corr": 0.6771052028422817,
      "excess_rmse": 0.005430540603919559,
      "excess_direction_acc": 0.78125,
      "excess_auc": 0.8828125,
      "outperform_prob": 0.40625,
      "model_available": true
    },
    "excess_theme": {
      "excess_corr": 0.652913757326883,
      "excess_rmse": 0.006406949640834117,
      "excess_direction_acc": 0.8666666666666667,
      "excess_auc": 0.888888888888889,
      "outperform_prob": 0.2,
      "model_available": true
    }
  },
  "exposure_shift_flag": false,
  "exposure_shift_details": {
    "shift_flag": false,
    "proxy_r2_decline": -0.012396818035896942,
    "tracking_error_rise": 0.00013675674198798844
  },
  "lead_lag_diagnostics": {
    "corr_lag_minus_2": 0.14697351572869846,