{
  "prediction_mode": "t_plus_1_close",
  "training_mode": "fast",
  "refine_top_k": 5,
  "walk_forward_step": 5,
  "max_walk_forward_points": 40,
  "walk_forward_eval_points": 32,
  "point": {
    "rmse": 0.012691375155158668,
    "mae": 0.009308468387718311,
    "p90_ae": 0.017645616491048077,
    "rmse_bp": 126.91375155158669,
    "mae_bp": 93.08468387718311,
    "p90_ae_bp": 176.45616491048077,
    "pred_real_corr": 0.3014217977541375,
    "pred_real_std_ratio": 0.30267773570831885,
    "baseline_zero_rmse_bp": 123.7636698892421,
    "baseline_mean_rmse_bp": 126.40326985807471,
    "model_vs_zero_improvement": -0.02545239378537855,
    "model_vs_mean_improvement": -0.004038516520064274,
    "flat_prediction": false,
    "low_correlation": false,
    "near_baseline": true,
    "score": 0.05774332498682743,
    "baseline_median_rmse_bp": 115.22600665072198,
    "baseline_last_rmse_bp": 178.00345161839155,
    "before_proxy_metrics": {
      "rmse": 0.011586562475218208,
      "mae": 0.008715659925306138,
      "p90_ae": 0.01809280226328308,
      "rmse_bp": 115.86562475218209,
      "mae_bp": 87.15659925306137,
      "p90_ae_bp": 180.92802263283082,
      "pred_real_corr": 0.11608488415676546,
      "pred_real_std_ratio": 0.2529875775574948,
      "baseline_zero_rmse_bp": 116.73279752984487,
      "baseline_mean_rmse_bp": 115.68911132457217,
      "model_vs_zero_improvement": 0.007428698669207162,
      "model_vs_mean_improvement": -0.001525756621249352,
      "flat_prediction": false,
      "low_correlation": false,
      "near_baseline": true,
      "score": 0.05734390933998043
    },
    "after_proxy_metrics": {
      "rmse": 0.012691375155158668,
      "mae": 0.009308468387718311,
      "p90_ae": 0.017645616491048077,
      "rmse_bp": 126.91375155158669,
      "mae_bp": 93.08468387718311,
      "p90_ae_bp": 176.45616491048077,
      "pred_real_corr": 0.3014217977541375,
      "pred_real_std_ratio": 0.30267773570831885,
      "baseline_zero_rmse_bp": 123.7636698892421,
      "baseline_mean_rmse_bp": 126.40326985807471,
      "model_vs_zero_improvement": -0.02545239378537855,
      "model_vs_mean_improvement": -0.004038516520064274,
      "flat_prediction": false,
      "low_correlation": false,
      "near_baseline": true,
      "score": 0.05774332498682743
    },
    "proxy_feature_gain": {
      "rmse_improvement": -0.00110481267994046,
      "mae_improvement": -0.000592808462412173,
      "corr_improvement": 0.18533691359737206,
      "std_ratio_improvement": 0.04969015815082406,
      "mean_baseline_improvement_delta": -0.0025127598988149216
    },
    "proxy_features_helpful": false,
    "proxy_feature_count": 93
  },
  "direction": {
    "direction_acc": 0.5,
    "direction_acc_03": 0.5,
    "auc": 0.6365914786967419,
    "brier_score": 0.2894119300885428,
    "calibration_error": 0.23674804713936604,
    "strong_signal_count": 32,
    "strong_signal_ratio": 0.8,
    "strong_signal_win_rate": 0.53125,
    "direction_baseline_acc": 0.525,
    "direction_model_vs_baseline_improvement": -0.025000000000000022,
    "score": 0.2894119300885428,
    "direction_available": true
  },
  "interval": {
    "coverage_70": 0.6875,
    "coverage_80": 0.78125,
    "coverage_90": 0.875,
    "coverage_99": 0.96875,
    "width_70_bp": 138.20380760879345,
    "width_80_bp": 199.24636188596037,
    "width_90_bp": 246.12019177961963,
    "width_99_bp": 308.8168054303145,
    "residual_group_used": null
  },
  "rmse": 0.012691375155158668,
  "mae": 0.009308468387718311,
  "p90_ae": 0.017645616491048077,
  "rmse_bp": 126.91375155158669,
  "mae_bp": 93.08468387718311,
  "p90_ae_bp": 176.45616491048077,
  "pred_real_corr": 0.3014217977541375,
  "pred_real_std_ratio": 0.30267773570831885,
  "baseline_zero_rmse_bp": 123.7636698892421,
  "baseline_mean_rmse_bp": 126.40326985807471,
  "model_vs_zero_improvement": -0.02545239378537855,
  "model_vs_mean_improvement": -0.004038516520064274,
  "flat_prediction": false,
  "low_correlation": false,
  "near_baseline": true,
  "score": 0.2894119300885428,
  "baseline_median_rmse_bp": 115.22600665072198,
  "baseline_last_rmse_bp": 178.00345161839155,
  "before_proxy_metrics": {
    "rmse": 0.011586562475218208,
    "mae": 0.008715659925306138,
    "p90_ae": 0.01809280226328308,
    "rmse_bp": 115.86562475218209,
    "mae_bp": 87.15659925306137,
    "p90_ae_bp": 180.92802263283082,
    "pred_real_corr": 0.11608488415676546,
    "pred_real_std_ratio": 0.2529875775574948,
    "baseline_zero_rmse_bp": 116.73279752984487,
    "baseline_mean_rmse_bp": 115.68911132457217,
    "model_vs_zero_improvement": 0.007428698669207162,
    "model_vs_mean_improvement": -0.001525756621249352,
    "flat_prediction": false,
    "low_correlation": false,
    "near_baseline": true,
    "score": 0.05734390933998043
  },
  "after_proxy_metrics": {
    "rmse": 0.012691375155158668,
    "mae": 0.009308468387718311,
    "p90_ae": 0.017645616491048077,
    "rmse_bp": 126.91375155158669,
    "mae_bp": 93.08468387718311,
    "p90_ae_bp": 176.45616491048077,
    "pred_real_corr": 0.3014217977541375,
    "pred_real_std_ratio": 0.30267773570831885,
    "baseline_zero_rmse_bp": 123.7636698892421,
    "baseline_mean_rmse_bp": 126.40326985807471,
    "model_vs_zero_improvement": -0.02545239378537855,
    "model_vs_mean_improvement": -0.004038516520064274,
    "flat_prediction": false,
    "low_correlation": false,
    "near_baseline": true,
    "score": 0.05774332498682743
  },
  "proxy_feature_gain": {
    "rmse_improvement": -0.00110481267994046,
    "mae_improvement": -0.000592808462412173,
    "corr_improvement": 0.18533691359737206,
    "std_ratio_improvement": 0.04969015815082406,
    "mean_baseline_improvement_delta": -0.0025127598988149216
  },
  "proxy_features_helpful": false,
  "proxy_feature_count": 93,
  "direction_acc": 0.5,
  "direction_acc_03": 0.5,
  "auc": 0.6365914786967419,
  "brier_score": 0.2894119300885428,
  "calibration_error": 0.23674804713936604,
  "strong_signal_count": 32,
  "strong_signal_ratio": 0.8,
  "strong_signal_win_rate": 0.53125,
  "direction_baseline_acc": 0.525,
  "direction_model_vs_baseline_improvement": -0.025000000000000022,
  "direction_available": true,
  "coverage_70": 0.6875,
  "coverage_80": 0.78125,
  "coverage_90": 0.875,
  "coverage_99": 0.96875,
  "width_70_bp": 138.20380760879345,
  "width_80_bp": 199.24636188596037,
  "width_90_bp": 246.12019177961963,
  "width_99_bp": 308.8168054303145,
  "residual_group_used": null,
  "final_score": 0.05774332498682743,
  "residual_q70": 0.006910190380439673,
  "residual_q80": 0.009962318094298019,
  "residual_q90": 0.012306009588980982,
  "residual_q99": 0.015440840271515726,
  "excess": {
    "excess_cyb": {
      "excess_corr": 0.6516338965425227,
      "excess_rmse": 0.007522156967395989,
      "excess_direction_acc": 0.75,
      "excess_auc": 0.8825910931174089,
      "outperform_prob": 0.21875,
      "model_available": true
    },
    "excess_kcb50": {
      "excess_corr": 0.6369430704845715,
      "excess_rmse": 0.013917078026522282,
      "excess_direction_acc": 0.75,
      "excess_auc": 0.6280193236714975,
      "outperform_prob": 0.15625,
      "model_available": true
    },
    "excess_top10": {
      "excess_corr": 0.6771052028422817,
      "excess_rmse": 0.005430540603919559,
      "excess_direction_acc": 0.78125,
      "excess_auc": 0.8828125,
      "outperform_prob": 0.40625,
      "model_available": true
    },
    "excess_theme": {
      "excess_corr": 0.652913757326883,
      "excess_rmse": 0.006406949640834117,
      "excess_direction_acc": 0.8666666666666667,
      "excess_auc": 0.888888888888889,
      "outperform_prob": 0.2,
      "model_available": true
    }
  },
  "exposure_shift_flag": false,
  "exposure_shift_details": {
    "shift_flag": false,
    "proxy_r2_decline": -0.012396818035896942,
    "tracking_error_rise": 0.00013675674198798844
  },
  "lead_lag_diagnostics": {
    "corr_lag_minus_2": -0.016154974938516458,