{
  "rmse_bp": 41.68026852350863,
  "mae_bp": 30.65389166404397,
  "p90_ae_bp": 60.88962703651332,
  "coverage_90": 0.8923611111111112,
  "avg_width_bp": 118.36587684895369,
  "direction_acc_03": 0.7569444444444444,
  "final_score": 0.005120906993640668,
  "residual_q90": 0.005918293842447684
}