{
  "interval_method": "regime_residual_quantile",
  "vol_col": "fund_ret_std_20",
  "regime_thresholds": {
    "low_max": 0.02712375512816243,
    "high_min": 0.03171832960777311
  },
  "global_quantiles": {
    "70": 0.031225108231260703,
    "80": 0.039246774515454164,
    "90": 0.04466319987431604,
    "99": 0.07055962838665353
  },
  "group_quantiles": {},
  "group_size": {
    "low_vol": 38,
    "mid_vol": 38,
    "high_vol": 40
  },
  "coverage_70": 0.6982758620689655,
  "coverage_80": 0.8017241379310345,
  "coverage_90": 0.896551724137931,
  "coverage_99": 0.9827586206896551,
  "width_70_bp": 624.502164625214,
  "width_80_bp": 784.9354903090833,
  "width_90_bp": 893.2639974863207,
  "width_99_bp": 1411.1925677330705
}