{
  "interval_method": "regime_residual_quantile",
  "vol_col": "fund_ret_std_20",
  "regime_thresholds": {
    "low_max": 0.026445678850355422,
    "high_min": 0.030283670835568793
  },
  "global_quantiles": {
    "70": 0.030416335394037312,
    "80": 0.03758649891960798,
    "90": 0.04757663099353285,
    "99": 0.06836333733713397
  },
  "group_quantiles": {},
  "group_size": {
    "low_vol": 39,
    "mid_vol": 39,
    "high_vol": 41
  },
  "coverage_70": 0.6974789915966386,
  "coverage_80": 0.7983193277310925,
  "coverage_90": 0.8991596638655462,
  "coverage_99": 0.9831932773109243,
  "width_70_bp": 608.3267078807462,
  "width_80_bp": 751.7299783921596,
  "width_90_bp": 951.532619870657,
  "width_99_bp": 1367.2667467426793
}