{
  "interval_method": "regime_residual_quantile",
  "vol_col": "fund_ret_std_20",
  "regime_thresholds": {
    "low_max": 0.02712375512816243,
    "high_min": 0.03171832960777311
  },
  "global_quantiles": {
    "70": 0.014591096529312566,
    "80": 0.019901399263204004,
    "90": 0.0245395696241445,
    "99": 0.03880965461225569
  },
  "group_quantiles": {},
  "group_size": {
    "low_vol": 38,
    "mid_vol": 38,
    "high_vol": 40
  },
  "coverage_70": 0.6982758620689655,
  "coverage_80": 0.8017241379310345,
  "coverage_90": 0.896551724137931,
  "coverage_99": 0.9827586206896551,
  "width_70_bp": 291.8219305862513,
  "width_80_bp": 398.0279852640801,
  "width_90_bp": 490.79139248289,
  "width_99_bp": 776.1930922451138
}