{
  "interval_method": "regime_residual_quantile",
  "vol_col": "residual_vol_60",
  "regime_thresholds": {
    "low_max": 0.015502727159444134,
    "high_min": 0.01803593513547731
  },
  "global_quantiles": {
    "70": 0.01680637994909133,
    "80": 0.019759383063091426,
    "90": 0.026300501642637215,
    "99": 0.0426601615382231
  },
  "group_quantiles": {},
  "group_size": {
    "low_vol": 38,
    "mid_vol": 38,
    "high_vol": 40
  },
  "coverage_70": 0.6982758620689655,
  "coverage_80": 0.8017241379310345,
  "coverage_90": 0.896551724137931,
  "coverage_99": 0.9827586206896551,
  "width_70_bp": 336.12759898182657,
  "width_80_bp": 395.1876612618285,
  "width_90_bp": 526.0100328527443,
  "width_99_bp": 853.203230764462
}