{
  "interval_method": "regime_residual_quantile",
  "vol_col": "fund_ret_std_20",
  "regime_thresholds": {
    "low_max": 0.030010837305756682,
    "high_min": 0.03217729736788796
  },
  "global_quantiles": {
    "70": 0.0348226609380937,
    "80": 0.03819568761984879,
    "90": 0.05300908117405393,
    "99": 0.07283102232652487
  },
  "group_quantiles": {},
  "group_size": {
    "low_vol": 22,
    "mid_vol": 22,
    "high_vol": 23
  },
  "coverage_70": 0.7014925373134329,
  "coverage_80": 0.7910447761194029,
  "coverage_90": 0.8955223880597015,
  "coverage_99": 0.9850746268656716,
  "width_70_bp": 696.4532187618739,
  "width_80_bp": 763.9137523969758,
  "width_90_bp": 1060.1816234810785,
  "width_99_bp": 1456.6204465304975
}