{
  "interval_method": "regime_residual_quantile",
  "vol_col": "residual_vol_60",
  "regime_thresholds": {
    "low_max": 0.015502727159444134,
    "high_min": 0.01803593513547731
  },
  "global_quantiles": {
    "70": 0.030340532573704223,
    "80": 0.03830972567006341,
    "90": 0.04539137879399509,
    "99": 0.06923417745058923
  },
  "group_quantiles": {},
  "group_size": {
    "low_vol": 38,
    "mid_vol": 38,
    "high_vol": 40
  },
  "coverage_70": 0.6982758620689655,
  "coverage_80": 0.8017241379310345,
  "coverage_90": 0.896551724137931,
  "coverage_99": 0.9827586206896551,
  "width_70_bp": 606.8106514740845,
  "width_80_bp": 766.1945134012682,
  "width_90_bp": 907.8275758799018,
  "width_99_bp": 1384.6835490117846
}