{
  "interval_method": "regime_residual_quantile",
  "vol_col": "fund_ret_std_20",
  "regime_thresholds": {
    "low_max": 0.030010837305756682,
    "high_min": 0.03217729736788796
  },
  "global_quantiles": {
    "70": 0.03274852139114116,
    "80": 0.03957298791459259,
    "90": 0.051810312583985316,
    "99": 0.06602225701529145
  },
  "group_quantiles": {},
  "group_size": {
    "low_vol": 22,
    "mid_vol": 22,
    "high_vol": 23
  },
  "coverage_70": 0.7014925373134329,
  "coverage_80": 0.7910447761194029,
  "coverage_90": 0.8955223880597015,
  "coverage_99": 0.9850746268656716,
  "width_70_bp": 654.9704278228231,
  "width_80_bp": 791.4597582918518,
  "width_90_bp": 1036.2062516797064,
  "width_99_bp": 1320.445140305829
}