{
  "interval_method": "regime_residual_quantile",
  "vol_col": "fund_ret_std_20",
  "regime_thresholds": {
    "low_max": 0.02712375512816243,
    "high_min": 0.03171832960777311
  },
  "global_quantiles": {
    "70": 0.030288158481267966,
    "80": 0.038904205668395545,
    "90": 0.04636167233106651,
    "99": 0.06832542038911033
  },
  "group_quantiles": {},
  "group_size": {
    "low_vol": 38,
    "mid_vol": 38,
    "high_vol": 40
  },
  "coverage_70": 0.6982758620689655,
  "coverage_80": 0.8017241379310345,
  "coverage_90": 0.896551724137931,
  "coverage_99": 0.9827586206896551,
  "width_70_bp": 605.7631696253593,
  "width_80_bp": 778.0841133679108,
  "width_90_bp": 927.2334466213301,
  "width_99_bp": 1366.5084077822064
}