{
  "prediction_mode": "t_plus_1_close",
  "training_mode": "fast",
  "refine_top_k": 5,
  "walk_forward_step": 5,
  "max_walk_forward_points": 40,
  "walk_forward_eval_points": 116,
  "point": {
    "rmse": 0.028857779001917664,
    "mae": 0.022506700797105934,
    "p90_ae": 0.04466319987431604,
    "rmse_bp": 288.57779001917663,
    "mae_bp": 225.06700797105935,
    "p90_ae_bp": 446.63199874316035,
    "pred_real_corr": -0.14875443003848995,
    "pred_real_std_ratio": 0.09750547586069057,
    "baseline_zero_rmse_bp": 285.4334914016503,
    "baseline_mean_rmse_bp": 284.3954536420991,
    "model_vs_zero_improvement": -0.011015871340416032,
    "model_vs_mean_improvement": -0.014706059198614558,
    "flat_prediction": true,
    "low_correlation": true,
    "near_baseline": true,
    "score": 0.04317743568101325,
    "baseline_median_rmse_bp": 283.2315227811732,
    "baseline_last_rmse_bp": 439.6206744136262,
    "before_proxy_metrics": {
      "rmse": 0.0288555497949353,
      "mae": 0.022723632847569522,
      "p90_ae": 0.044990724638774494,
      "rmse_bp": 288.55549794935297,
      "mae_bp": 227.23632847569522,
      "p90_ae_bp": 449.9072463877449,
      "pred_real_corr": -0.13152171905164994,
      "pred_real_std_ratio": 0.10940032127360787,
      "baseline_zero_rmse_bp": 285.4334914016503,
      "baseline_mean_rmse_bp": 284.3954536420991,
      "model_vs_zero_improvement": -0.010937772341892138,
      "model_vs_mean_improvement": -0.014627675140296592,
      "flat_prediction": true,
      "low_correlation": true,
      "near_baseline": true,
      "score": 0.04341080417093924
    },
    "after_proxy_metrics": {
      "rmse": 0.028857779001917664,
      "mae": 0.022506700797105934,
      "p90_ae": 0.04466319987431604,
      "rmse_bp": 288.57779001917663,
      "mae_bp": 225.06700797105935,
      "p90_ae_bp": 446.63199874316035,
      "pred_real_corr": -0.14875443003848995,
      "pred_real_std_ratio": 0.09750547586069057,
      "baseline_zero_rmse_bp": 285.4334914016503,
      "baseline_mean_rmse_bp": 284.3954536420991,
      "model_vs_zero_improvement": -0.011015871340416032,
      "model_vs_mean_improvement": -0.014706059198614558,
      "flat_prediction": true,
      "low_correlation": true,
      "near_baseline": true,
      "score": 0.04317743568101325
    },
    "proxy_feature_gain": {
      "rmse_improvement": -2.229206982364701e-06,
      "mae_improvement": 0.0002169320504635877,
      "corr_improvement": -0.01723271098684001,
      "std_ratio_improvement": -0.011894845412917299,
      "mean_baseline_improvement_delta": -7.838405831796583e-05
    },
    "proxy_features_helpful": false,
    "proxy_feature_count": 93
  },
  "direction": {
    "direction_acc": 0.5172413793103449,
    "direction_acc_03": 0.5238095238095238,
    "auc": 0.566141498216409,
    "brier_score": 0.2528446723344306,
    "calibration_error": 0.07766379502033309,
    "strong_signal_count": 39,
    "strong_signal_ratio": 0.33620689655172414,
    "strong_signal_win_rate": 0.5641025641025641,
    "direction_baseline_acc": 0.5,
    "direction_model_vs_baseline_improvement": 0.017241379310344862,
    "score": 0.2511205344033961,
    "direction_available": true
  },
  "interval": {
    "coverage_70": 0.6982758620689655,
    "coverage_80": 0.8017241379310345,
    "coverage_90": 0.896551724137931,
    "coverage_99": 0.9827586206896551,
    "width_70_bp": 624.502164625214,
    "width_80_bp": 784.9354903090833,
    "width_90_bp": 893.2639974863207,
    "width_99_bp": 1411.1925677330705,
    "residual_group_used": null
  },
  "rmse": 0.028857779001917664,
  "mae": 0.022506700797105934,
  "p90_ae": 0.04466319987431604,
  "rmse_bp": 288.57779001917663,
  "mae_bp": 225.06700797105935,
  "p90_ae_bp": 446.63199874316035,
  "pred_real_corr": -0.14875443003848995,
  "pred_real_std_ratio": 0.09750547586069057,
  "baseline_zero_rmse_bp": 285.4334914016503,
  "baseline_mean_rmse_bp": 284.3954536420991,
  "model_vs_zero_improvement": -0.011015871340416032,
  "model_vs_mean_improvement": -0.014706059198614558,
  "flat_prediction": true,
  "low_correlation": true,
  "near_baseline": true,
  "score": 0.2511205344033961,
  "baseline_median_rmse_bp": 283.2315227811732,
  "baseline_last_rmse_bp": 439.6206744136262,
  "before_proxy_metrics": {
    "rmse": 0.0288555497949353,
    "mae": 0.022723632847569522,
    "p90_ae": 0.044990724638774494,
    "rmse_bp": 288.55549794935297,
    "mae_bp": 227.23632847569522,
    "p90_ae_bp": 449.9072463877449,
    "pred_real_corr": -0.13152171905164994,
    "pred_real_std_ratio": 0.10940032127360787,
    "baseline_zero_rmse_bp": 285.4334914016503,
    "baseline_mean_rmse_bp": 284.3954536420991,
    "model_vs_zero_improvement": -0.010937772341892138,
    "model_vs_mean_improvement": -0.014627675140296592,
    "flat_prediction": true,
    "low_correlation": true,
    "near_baseline": true,
    "score": 0.04341080417093924
  },
  "after_proxy_metrics": {
    "rmse": 0.028857779001917664,
    "mae": 0.022506700797105934,
    "p90_ae": 0.04466319987431604,
    "rmse_bp": 288.57779001917663,
    "mae_bp": 225.06700797105935,
    "p90_ae_bp": 446.63199874316035,
    "pred_real_corr": -0.14875443003848995,
    "pred_real_std_ratio": 0.09750547586069057,
    "baseline_zero_rmse_bp": 285.4334914016503,
    "baseline_mean_rmse_bp": 284.3954536420991,
    "model_vs_zero_improvement": -0.011015871340416032,
    "model_vs_mean_improvement": -0.014706059198614558,
    "flat_prediction": true,
    "low_correlation": true,
    "near_baseline": true,
    "score": 0.04317743568101325
  },
  "proxy_feature_gain": {
    "rmse_improvement": -2.229206982364701e-06,
    "mae_improvement": 0.0002169320504635877,
    "corr_improvement": -0.01723271098684001,
    "std_ratio_improvement": -0.011894845412917299,
    "mean_baseline_improvement_delta": -7.838405831796583e-05
  },
  "proxy_features_helpful": false,
  "proxy_feature_count": 93,
  "direction_acc": 0.5172413793103449,
  "direction_acc_03": 0.5238095238095238,
  "auc": 0.566141498216409,
  "brier_score": 0.2528446723344306,
  "calibration_error": 0.07766379502033309,
  "strong_signal_count": 39,
  "strong_signal_ratio": 0.33620689655172414,
  "strong_signal_win_rate": 0.5641025641025641,
  "direction_baseline_acc": 0.5,
  "direction_model_vs_baseline_improvement": 0.017241379310344862,
  "direction_available": true,
  "coverage_70": 0.6982758620689655,
  "coverage_80": 0.8017241379310345,
  "coverage_90": 0.896551724137931,
  "coverage_99": 0.9827586206896551,
  "width_70_bp": 624.502164625214,
  "width_80_bp": 784.9354903090833,
  "width_90_bp": 893.2639974863207,
  "width_99_bp": 1411.1925677330705,
  "residual_group_used": null,
  "final_score": 0.04317743568101325,
  "residual_q70": 0.031225108231260703,
  "residual_q80": 0.039246774515454164,
  "residual_q90": 0.04466319987431604,
  "residual_q99": 0.07055962838665353,
  "excess": {
    "excess_cyb": {
      "excess_corr": 0.3347197423361976,
      "excess_rmse": 0.017272697506099468,
      "excess_direction_acc": 0.603448275862069,
      "excess_auc": 0.6591995221027479,
      "outperform_prob": 0.603448275862069,
      "model_available": true
    },
    "excess_kcb50": {
      "excess_corr": 0.2725553065271528,
      "excess_rmse": 0.02061488842401432,
      "excess_direction_acc": 0.5603448275862069,
      "excess_auc": 0.5884109916367981,
      "outperform_prob": 0.6637931034482759,
      "model_available": true
    },
    "excess_top10": {
      "excess_corr": 0.26607502429653035,
      "excess_rmse": 0.011983273891807871,
      "excess_direction_acc": 0.5517241379310345,
      "excess_auc": 0.5940993788819876,
      "outperform_prob": 0.13793103448275862,
      "model_available": true
    },
    "excess_theme": {
      "excess_corr": 0.3229631645327518,
      "excess_rmse": 0.01739667303782509,
      "excess_direction_acc": 0.5862068965517241,
      "excess_auc": 0.6278375149342892,
      "outperform_prob": 0.6379310344827587,
      "model_available": true
    }
  },