{
  "prediction_mode": "t_plus_1_close",
  "training_mode": "fast",
  "refine_top_k": 5,
  "walk_forward_step": 5,
  "max_walk_forward_points": 40,
  "walk_forward_eval_points": 119,
  "point": {
    "rmse": 0.029473677688234143,
    "mae": 0.02348810908419182,
    "p90_ae": 0.04757663099353285,
    "rmse_bp": 294.7367768823414,
    "mae_bp": 234.8810908419182,
    "p90_ae_bp": 475.7663099353285,
    "pred_real_corr": -0.05713621985713988,
    "pred_real_std_ratio": 0.13585884299810647,
    "baseline_zero_rmse_bp": 292.9778658917167,
    "baseline_mean_rmse_bp": 290.4904522952928,
    "model_vs_zero_improvement": -0.006003562710347648,
    "model_vs_mean_improvement": -0.01461777677543796,
    "flat_prediction": true,
    "low_correlation": true,
    "near_baseline": true,
    "score": 0.045302329277196386,
    "baseline_median_rmse_bp": 290.03169961543904,
    "baseline_last_rmse_bp": 442.1946217513001,
    "before_proxy_metrics": {
      "rmse": 0.029116534391306605,
      "mae": 0.02323937230462268,
      "p90_ae": 0.045157722557235866,
      "rmse_bp": 291.16534391306607,
      "mae_bp": 232.3937230462268,
      "p90_ae_bp": 451.57722557235866,
      "pred_real_corr": 0.025154453414110656,
      "pred_real_std_ratio": 0.11930189998149394,
      "baseline_zero_rmse_bp": 292.9778658917167,
      "baseline_mean_rmse_bp": 290.4904522952928,
      "model_vs_zero_improvement": 0.006186549189079506,
      "model_vs_mean_improvement": -0.002323283303945434,
      "flat_prediction": true,
      "low_correlation": true,
      "near_baseline": true,
      "score": 0.04374903095872337
    },
    "after_proxy_metrics": {
      "rmse": 0.029473677688234143,
      "mae": 0.02348810908419182,
      "p90_ae": 0.04757663099353285,
      "rmse_bp": 294.7367768823414,
      "mae_bp": 234.8810908419182,
      "p90_ae_bp": 475.7663099353285,
      "pred_real_corr": -0.05713621985713988,
      "pred_real_std_ratio": 0.13585884299810647,
      "baseline_zero_rmse_bp": 292.9778658917167,
      "baseline_mean_rmse_bp": 290.4904522952928,
      "model_vs_zero_improvement": -0.006003562710347648,
      "model_vs_mean_improvement": -0.01461777677543796,
      "flat_prediction": true,
      "low_correlation": true,
      "near_baseline": true,
      "score": 0.045302329277196386
    },
    "proxy_feature_gain": {
      "rmse_improvement": -0.00035714329692753885,
      "mae_improvement": -0.0002487367795691413,
      "corr_improvement": -0.08229067327125053,
      "std_ratio_improvement": 0.01655694301661252,
      "mean_baseline_improvement_delta": -0.012294493471492526
    },
    "proxy_features_helpful": false,
    "proxy_feature_count": 93
  },
  "direction": {
    "direction_acc": 0.5798319327731093,
    "direction_acc_03": 0.5871559633027523,
    "auc": 0.6324278438030561,
    "brier_score": 0.23776086810831457,
    "calibration_error": 0.0453444406489716,
    "strong_signal_count": 35,
    "strong_signal_ratio": 0.29411764705882354,
    "strong_signal_win_rate": 0.6571428571428571,
    "direction_baseline_acc": 0.5210084033613446,
    "direction_model_vs_baseline_improvement": 0.05882352941176472,
    "score": 0.2318785151671381,
    "direction_available": true
  },
  "interval": {
    "coverage_70": 0.6974789915966386,
    "coverage_80": 0.7983193277310925,
    "coverage_90": 0.8991596638655462,
    "coverage_99": 0.9831932773109243,
    "width_70_bp": 608.3267078807462,
    "width_80_bp": 751.7299783921596,
    "width_90_bp": 951.532619870657,
    "width_99_bp": 1367.2667467426793,
    "residual_group_used": null
  },
  "rmse": 0.029473677688234143,
  "mae": 0.02348810908419182,
  "p90_ae": 0.04757663099353285,
  "rmse_bp": 294.7367768823414,
  "mae_bp": 234.8810908419182,
  "p90_ae_bp": 475.7663099353285,
  "pred_real_corr": -0.05713621985713988,
  "pred_real_std_ratio": 0.13585884299810647,
  "baseline_zero_rmse_bp": 292.9778658917167,
  "baseline_mean_rmse_bp": 290.4904522952928,
  "model_vs_zero_improvement": -0.006003562710347648,
  "model_vs_mean_improvement": -0.01461777677543796,
  "flat_prediction": true,
  "low_correlation": true,
  "near_baseline": true,
  "score": 0.2318785151671381,
  "baseline_median_rmse_bp": 290.03169961543904,
  "baseline_last_rmse_bp": 442.1946217513001,
  "before_proxy_metrics": {
    "rmse": 0.029116534391306605,
    "mae": 0.02323937230462268,
    "p90_ae": 0.045157722557235866,
    "rmse_bp": 291.16534391306607,
    "mae_bp": 232.3937230462268,
    "p90_ae_bp": 451.57722557235866,
    "pred_real_corr": 0.025154453414110656,
    "pred_real_std_ratio": 0.11930189998149394,
    "baseline_zero_rmse_bp": 292.9778658917167,
    "baseline_mean_rmse_bp": 290.4904522952928,
    "model_vs_zero_improvement": 0.006186549189079506,
    "model_vs_mean_improvement": -0.002323283303945434,
    "flat_prediction": true,
    "low_correlation": true,
    "near_baseline": true,
    "score": 0.04374903095872337
  },
  "after_proxy_metrics": {
    "rmse": 0.029473677688234143,
    "mae": 0.02348810908419182,
    "p90_ae": 0.04757663099353285,
    "rmse_bp": 294.7367768823414,
    "mae_bp": 234.8810908419182,
    "p90_ae_bp": 475.7663099353285,
    "pred_real_corr": -0.05713621985713988,
    "pred_real_std_ratio": 0.13585884299810647,
    "baseline_zero_rmse_bp": 292.9778658917167,
    "baseline_mean_rmse_bp": 290.4904522952928,
    "model_vs_zero_improvement": -0.006003562710347648,
    "model_vs_mean_improvement": -0.01461777677543796,
    "flat_prediction": true,
    "low_correlation": true,
    "near_baseline": true,
    "score": 0.045302329277196386
  },
  "proxy_feature_gain": {
    "rmse_improvement": -0.00035714329692753885,
    "mae_improvement": -0.0002487367795691413,
    "corr_improvement": -0.08229067327125053,
    "std_ratio_improvement": 0.01655694301661252,
    "mean_baseline_improvement_delta": -0.012294493471492526
  },
  "proxy_features_helpful": false,
  "proxy_feature_count": 93,
  "direction_acc": 0.5798319327731093,
  "direction_acc_03": 0.5871559633027523,
  "auc": 0.6324278438030561,
  "brier_score": 0.23776086810831457,
  "calibration_error": 0.0453444406489716,
  "strong_signal_count": 35,
  "strong_signal_ratio": 0.29411764705882354,
  "strong_signal_win_rate": 0.6571428571428571,
  "direction_baseline_acc": 0.5210084033613446,
  "direction_model_vs_baseline_improvement": 0.05882352941176472,
  "direction_available": true,
  "coverage_70": 0.6974789915966386,
  "coverage_80": 0.7983193277310925,
  "coverage_90": 0.8991596638655462,
  "coverage_99": 0.9831932773109243,
  "width_70_bp": 608.3267078807462,
  "width_80_bp": 751.7299783921596,
  "width_90_bp": 951.532619870657,
  "width_99_bp": 1367.2667467426793,
  "residual_group_used": null,
  "final_score": 0.045302329277196386,
  "residual_q70": 0.030416335394037312,
  "residual_q80": 0.03758649891960798,
  "residual_q90": 0.04757663099353285,
  "residual_q99": 0.06836333733713397,
  "excess": {
    "excess_cyb": {
      "excess_corr": 0.416858602750962,
      "excess_rmse": 0.01705539415860246,
      "excess_direction_acc": 0.6134453781512605,
      "excess_auc": 0.7046353872244205,
      "outperform_prob": 0.5630252100840336,
      "model_available": true
    },
    "excess_kcb50": {
      "excess_corr": 0.46443280788211316,
      "excess_rmse": 0.021284795533287583,
      "excess_direction_acc": 0.5966386554621849,
      "excess_auc": 0.6677966101694915,
      "outperform_prob": 0.5462184873949579,
      "model_available": true
    },
    "excess_top10": {
      "excess_corr": 0.24682009598968838,
      "excess_rmse": 0.011822266686634518,
      "excess_direction_acc": 0.5784313725490197,
      "excess_auc": 0.5723684210526315,
      "outperform_prob": 0.14705882352941177,
      "model_available": true
    },
    "excess_theme": {
      "excess_corr": 0.3217162258333631,
      "excess_rmse": 0.018082059435903006,
      "excess_direction_acc": 0.5490196078431373,
      "excess_auc": 0.621486330381209,
      "outperform_prob": 0.5980392156862745,