{
  "prediction_mode": "t_plus_1_close",
  "point": {
    "rmse": 0.02867875119286715,
    "mae": 0.022655842456840426,
    "p90_ae": 0.04539137879399509,
    "rmse_bp": 286.7875119286715,
    "mae_bp": 226.55842456840426,
    "p90_ae_bp": 453.9137879399509,
    "pred_real_corr": -0.08703816785896983,
    "pred_real_std_ratio": 0.07347509134496222,
    "baseline_zero_rmse_bp": 285.4334914016503,
    "baseline_mean_rmse_bp": 284.3954536420991,
    "model_vs_zero_improvement": -0.0047437338918153785,
    "model_vs_mean_improvement": -0.008411028572850334,
    "flat_prediction": true,
    "low_correlation": true,
    "near_baseline": true,
    "score": 0.04353465698769762,
    "baseline_median_rmse_bp": 283.2315227811732,
    "baseline_last_rmse_bp": 439.6206744136262,
    "before_proxy_metrics": null,
    "after_proxy_metrics": {
      "rmse": 0.02867875119286715,
      "mae": 0.022655842456840426,
      "p90_ae": 0.04539137879399509,
      "rmse_bp": 286.7875119286715,
      "mae_bp": 226.55842456840426,
      "p90_ae_bp": 453.9137879399509,
      "pred_real_corr": -0.08703816785896983,
      "pred_real_std_ratio": 0.07347509134496222,
      "baseline_zero_rmse_bp": 285.4334914016503,
      "baseline_mean_rmse_bp": 284.3954536420991,
      "model_vs_zero_improvement": -0.0047437338918153785,
      "model_vs_mean_improvement": -0.008411028572850334,
      "flat_prediction": true,
      "low_correlation": true,
      "near_baseline": true,
      "score": 0.04353465698769762
    },
    "proxy_feature_gain": null,
    "proxy_features_helpful": false,
    "proxy_feature_count": 0
  },
  "direction": {
    "direction_acc": 0.4827586206896552,
    "direction_acc_03": 0.45689655172413796,
    "auc": 0.4934601664684899,
    "brier_score": 0.2520691084913309,
    "calibration_error": 0.05119243711515202,
    "strong_signal_count": 0,
    "strong_signal_ratio": 0.0,
    "strong_signal_win_rate": null,
    "direction_baseline_acc": 0.5,
    "direction_model_vs_baseline_improvement": -0.017241379310344807,
    "score": 0.2520691084913309,
    "direction_available": true
  },
  "interval": {
    "coverage_70": 0.6982758620689655,
    "coverage_80": 0.8017241379310345,
    "coverage_90": 0.896551724137931,
    "coverage_99": 0.9827586206896551,
    "width_70_bp": 606.8106514740845,
    "width_80_bp": 766.1945134012682,
    "width_90_bp": 907.8275758799018,
    "width_99_bp": 1384.6835490117846,
    "residual_group_used": null
  },
  "rmse": 0.02867875119286715,
  "mae": 0.022655842456840426,
  "p90_ae": 0.04539137879399509,
  "rmse_bp": 286.7875119286715,
  "mae_bp": 226.55842456840426,
  "p90_ae_bp": 453.9137879399509,
  "pred_real_corr": -0.08703816785896983,
  "pred_real_std_ratio": 0.07347509134496222,
  "baseline_zero_rmse_bp": 285.4334914016503,
  "baseline_mean_rmse_bp": 284.3954536420991,
  "model_vs_zero_improvement": -0.0047437338918153785,
  "model_vs_mean_improvement": -0.008411028572850334,
  "flat_prediction": true,
  "low_correlation": true,
  "near_baseline": true,
  "score": 0.2520691084913309,
  "baseline_median_rmse_bp": 283.2315227811732,
  "baseline_last_rmse_bp": 439.6206744136262,
  "before_proxy_metrics": null,
  "after_proxy_metrics": {
    "rmse": 0.02867875119286715,
    "mae": 0.022655842456840426,
    "p90_ae": 0.04539137879399509,
    "rmse_bp": 286.7875119286715,
    "mae_bp": 226.55842456840426,
    "p90_ae_bp": 453.9137879399509,
    "pred_real_corr": -0.08703816785896983,
    "pred_real_std_ratio": 0.07347509134496222,
    "baseline_zero_rmse_bp": 285.4334914016503,
    "baseline_mean_rmse_bp": 284.3954536420991,
    "model_vs_zero_improvement": -0.0047437338918153785,
    "model_vs_mean_improvement": -0.008411028572850334,
    "flat_prediction": true,
    "low_correlation": true,
    "near_baseline": true,
    "score": 0.04353465698769762
  },
  "proxy_feature_gain": null,
  "proxy_features_helpful": false,
  "proxy_feature_count": 0,
  "direction_acc": 0.4827586206896552,
  "direction_acc_03": 0.45689655172413796,
  "auc": 0.4934601664684899,
  "brier_score": 0.2520691084913309,
  "calibration_error": 0.05119243711515202,
  "strong_signal_count": 0,
  "strong_signal_ratio": 0.0,
  "strong_signal_win_rate": null,
  "direction_baseline_acc": 0.5,
  "direction_model_vs_baseline_improvement": -0.017241379310344807,
  "direction_available": true,
  "coverage_70": 0.6982758620689655,
  "coverage_80": 0.8017241379310345,
  "coverage_90": 0.896551724137931,
  "coverage_99": 0.9827586206896551,
  "width_70_bp": 606.8106514740845,
  "width_80_bp": 766.1945134012682,
  "width_90_bp": 907.8275758799018,
  "width_99_bp": 1384.6835490117846,
  "residual_group_used": null,
  "final_score": 0.04353465698769762,
  "residual_q70": 0.030340532573704223,
  "residual_q80": 0.03830972567006341,
  "residual_q90": 0.04539137879399509,
  "residual_q99": 0.06923417745058923
}