{
  "prediction_mode": "t_plus_1_close",
  "training_mode": "fast",
  "refine_top_k": 5,
  "walk_forward_step": 5,
  "max_walk_forward_points": 40,
  "walk_forward_eval_points": 67,
  "point": {
    "rmse": 0.028972933440103377,
    "mae": 0.022442277483616886,
    "p90_ae": 0.04725764822993997,
    "rmse_bp": 289.7293344010338,
    "mae_bp": 224.42277483616886,
    "p90_ae_bp": 472.5764822993997,
    "pred_real_corr": -0.11031138620412383,
    "pred_real_std_ratio": 0.15442219856346448,
    "baseline_zero_rmse_bp": 282.87862406367856,
    "baseline_mean_rmse_bp": 284.6915140999599,
    "model_vs_zero_improvement": -0.024217843819167757,
    "model_vs_mean_improvement": -0.017695716421336813,
    "flat_prediction": false,
    "low_correlation": true,
    "near_baseline": true,
    "score": 0.08464009594541773,
    "baseline_median_rmse_bp": 304.7737583894374,
    "baseline_last_rmse_bp": 472.60713326474786,
    "before_proxy_metrics": {
      "rmse": 0.03113457813355525,
      "mae": 0.024899112144495295,
      "p90_ae": 0.053755026472946964,
      "rmse_bp": 311.3457813355525,
      "mae_bp": 248.99112144495294,
      "p90_ae_bp": 537.5502647294696,
      "pred_real_corr": -0.07352500159407498,
      "pred_real_std_ratio": 0.15159489343782356,
      "baseline_zero_rmse_bp": 308.16766915272365,
      "baseline_mean_rmse_bp": 304.09615172249124,
      "model_vs_zero_improvement": -0.010312931890508593,
      "model_vs_mean_improvement": -0.023839925536700078,
      "flat_prediction": false,
      "low_correlation": true,
      "near_baseline": true,
      "score": 0.08980060275634454
    },
    "after_proxy_metrics": {
      "rmse": 0.028972933440103377,
      "mae": 0.022442277483616886,
      "p90_ae": 0.04725764822993997,
      "rmse_bp": 289.7293344010338,
      "mae_bp": 224.42277483616886,
      "p90_ae_bp": 472.5764822993997,
      "pred_real_corr": -0.11031138620412383,
      "pred_real_std_ratio": 0.15442219856346448,
      "baseline_zero_rmse_bp": 282.87862406367856,
      "baseline_mean_rmse_bp": 284.6915140999599,
      "model_vs_zero_improvement": -0.024217843819167757,
      "model_vs_mean_improvement": -0.017695716421336813,
      "flat_prediction": false,
      "low_correlation": true,
      "near_baseline": true,
      "score": 0.08464009594541773
    },
    "proxy_feature_gain": {
      "rmse_improvement": 0.002161644693451873,
      "mae_improvement": 0.002456834660878409,
      "corr_improvement": -0.03678638461004885,
      "std_ratio_improvement": 0.0028273051256409165,
      "mean_baseline_improvement_delta": 0.006144209115363265
    },
    "proxy_features_helpful": false,
    "proxy_feature_count": 79
  },
  "direction": {
    "direction_acc": 0.5058823529411764,
    "direction_acc_03": 0.527027027027027,
    "auc": 0.5526024363233666,
    "brier_score": 0.2535331493166625,
    "calibration_error": 0.06919164403205724,
    "strong_signal_count": 0,
    "strong_signal_ratio": 0.0,
    "strong_signal_win_rate": null,
    "direction_baseline_acc": 0.5058823529411764,
    "direction_model_vs_baseline_improvement": 0.0,
    "score": 0.2535331493166625,
    "direction_available": true
  },
  "interval": {
    "coverage_70": 0.7014925373134329,
    "coverage_80": 0.7910447761194029,
    "coverage_90": 0.8955223880597015,
    "coverage_99": 0.9850746268656716,
    "width_70_bp": 696.4532187618739,
    "width_80_bp": 763.9137523969758,
    "width_90_bp": 1060.1816234810785,
    "width_99_bp": 1456.6204465304975,
    "residual_group_used": null
  },
  "rmse": 0.028972933440103377,
  "mae": 0.022442277483616886,
  "p90_ae": 0.04725764822993997,
  "rmse_bp": 289.7293344010338,
  "mae_bp": 224.42277483616886,
  "p90_ae_bp": 472.5764822993997,
  "pred_real_corr": -0.11031138620412383,
  "pred_real_std_ratio": 0.15442219856346448,
  "baseline_zero_rmse_bp": 282.87862406367856,
  "baseline_mean_rmse_bp": 284.6915140999599,
  "model_vs_zero_improvement": -0.024217843819167757,
  "model_vs_mean_improvement": -0.017695716421336813,
  "flat_prediction": false,
  "low_correlation": true,
  "near_baseline": true,
  "score": 0.2535331493166625,
  "baseline_median_rmse_bp": 304.7737583894374,
  "baseline_last_rmse_bp": 472.60713326474786,
  "before_proxy_metrics": {
    "rmse": 0.03113457813355525,
    "mae": 0.024899112144495295,
    "p90_ae": 0.053755026472946964,
    "rmse_bp": 311.3457813355525,
    "mae_bp": 248.99112144495294,
    "p90_ae_bp": 537.5502647294696,
    "pred_real_corr": -0.07352500159407498,
    "pred_real_std_ratio": 0.15159489343782356,
    "baseline_zero_rmse_bp": 308.16766915272365,
    "baseline_mean_rmse_bp": 304.09615172249124,
    "model_vs_zero_improvement": -0.010312931890508593,
    "model_vs_mean_improvement": -0.023839925536700078,
    "flat_prediction": false,
    "low_correlation": true,
    "near_baseline": true,
    "score": 0.08980060275634454
  },
  "after_proxy_metrics": {
    "rmse": 0.028972933440103377,
    "mae": 0.022442277483616886,
    "p90_ae": 0.04725764822993997,
    "rmse_bp": 289.7293344010338,
    "mae_bp": 224.42277483616886,
    "p90_ae_bp": 472.5764822993997,
    "pred_real_corr": -0.11031138620412383,
    "pred_real_std_ratio": 0.15442219856346448,
    "baseline_zero_rmse_bp": 282.87862406367856,
    "baseline_mean_rmse_bp": 284.6915140999599,
    "model_vs_zero_improvement": -0.024217843819167757,
    "model_vs_mean_improvement": -0.017695716421336813,
    "flat_prediction": false,
    "low_correlation": true,
    "near_baseline": true,
    "score": 0.08464009594541773
  },
  "proxy_feature_gain": {
    "rmse_improvement": 0.002161644693451873,
    "mae_improvement": 0.002456834660878409,
    "corr_improvement": -0.03678638461004885,
    "std_ratio_improvement": 0.0028273051256409165,
    "mean_baseline_improvement_delta": 0.006144209115363265
  },
  "proxy_features_helpful": false,
  "proxy_feature_count": 79,
  "direction_acc": 0.5058823529411764,
  "direction_acc_03": 0.527027027027027,
  "auc": 0.5526024363233666,
  "brier_score": 0.2535331493166625,
  "calibration_error": 0.06919164403205724,
  "strong_signal_count": 0,
  "strong_signal_ratio": 0.0,
  "strong_signal_win_rate": null,
  "direction_baseline_acc": 0.5058823529411764,
  "direction_model_vs_baseline_improvement": 0.0,
  "direction_available": true,
  "coverage_70": 0.7014925373134329,
  "coverage_80": 0.7910447761194029,
  "coverage_90": 0.8955223880597015,
  "coverage_99": 0.9850746268656716,
  "width_70_bp": 696.4532187618739,
  "width_80_bp": 763.9137523969758,
  "width_90_bp": 1060.1816234810785,
  "width_99_bp": 1456.6204465304975,
  "residual_group_used": null,
  "final_score": 0.08464009594541773,
  "residual_q70": 0.0348226609380937,
  "residual_q80": 0.03819568761984879,
  "residual_q90": 0.05300908117405393,
  "residual_q99": 0.07283102232652487,
  "excess": {
    "excess_top10": {
      "excess_corr": -0.03778334578695183,
      "excess_rmse": 0.008647808083781745,
      "excess_direction_acc": 0.5373134328358209,
      "excess_auc": 0.43621013133208253,
      "outperform_prob": 0.31343283582089554,
      "model_available": true
    },
    "excess_theme": {
      "excess_corr": 0.09412399495531988,
      "excess_rmse": 0.020661269441518092,
      "excess_direction_acc": 0.582089552238806,
      "excess_auc": 0.5543672014260249,
      "outperform_prob": 0.6119402985074627,
      "model_available": true
    }
  },
  "exposure_shift_flag": false,
  "exposure_shift_details": {
    "shift_flag": false,
    "proxy_r2_decline": -0.018029488057966725,
    "tracking_error_rise": 0.0010765617942965142
  },
  "lead_lag_diagnostics": {
    "corr_lag_minus_2": 0.26640027347260137,
    "corr_lag_minus_1": -0.0077060308460999045,
    "corr_lag_0": -0.010834932558317207,
    "corr_lag_plus_1": -0.07563997736447917,
    "corr_lag_plus_2": 0.06939861389218811,
    "best_lag": "minus_2",
    "best_lag_corr": 0.26640027347260137,
    "interpretation": "无明显异常"
  },
  "turning_point_diagnostics": {
    "turning_point_count": 39,