{
  "prediction_mode": "t_plus_1_close",
  "point": {
    "rmse": 0.02862078828239478,
    "mae": 0.022845127009912623,
    "p90_ae": 0.04577050702540558,
    "rmse_bp": 286.2078828239478,
    "mae_bp": 228.45127009912622,
    "p90_ae_bp": 457.70507025405584,
    "pred_real_corr": -0.12510424380923127,
    "pred_real_std_ratio": 0.07794665862765483,
    "baseline_zero_rmse_bp": 285.4334914016503,
    "baseline_mean_rmse_bp": 284.3954536420991,
    "model_vs_zero_improvement": -0.002713036296107881,
    "model_vs_mean_improvement": -0.00637291897123494,
    "flat_prediction": true,
    "low_correlation": true,
    "near_baseline": true,
    "score": 0.04376441534352887,
    "baseline_median_rmse_bp": 283.2315227811732,
    "baseline_last_rmse_bp": 439.6206744136262,
    "before_proxy_metrics": {
      "rmse": 0.028619207016500132,
      "mae": 0.02285789061252537,
      "p90_ae": 0.04649506964973504,
      "rmse_bp": 286.1920701650013,
      "mae_bp": 228.5789061252537,
      "p90_ae_bp": 464.95069649735035,
      "pred_real_corr": -0.17044738444737756,
      "pred_real_std_ratio": 0.062036886660871086,
      "baseline_zero_rmse_bp": 285.4334914016503,
      "baseline_mean_rmse_bp": 284.3954536420991,
      "model_vs_zero_improvement": -0.002657637545005405,
      "model_vs_mean_improvement": -0.006317318015790798,
      "flat_prediction": true,
      "low_correlation": true,
      "near_baseline": true,
      "score": 0.04416540411791067
    },
    "after_proxy_metrics": {
      "rmse": 0.02862078828239478,
      "mae": 0.022845127009912623,
      "p90_ae": 0.04577050702540558,
      "rmse_bp": 286.2078828239478,
      "mae_bp": 228.45127009912622,
      "p90_ae_bp": 457.70507025405584,
      "pred_real_corr": -0.12510424380923127,
      "pred_real_std_ratio": 0.07794665862765483,
      "baseline_zero_rmse_bp": 285.4334914016503,
      "baseline_mean_rmse_bp": 284.3954536420991,
      "model_vs_zero_improvement": -0.002713036296107881,
      "model_vs_mean_improvement": -0.00637291897123494,
      "flat_prediction": true,
      "low_correlation": true,
      "near_baseline": true,
      "score": 0.04376441534352887
    },
    "proxy_feature_gain": {
      "rmse_improvement": -1.581265894647077e-06,
      "mae_improvement": 1.2763602612746866e-05,
      "corr_improvement": 0.04534314063814629,
      "std_ratio_improvement": 0.015909771966783746,
      "mean_baseline_improvement_delta": -5.5600955444141606e-05
    },
    "proxy_features_helpful": false,
    "proxy_feature_count": 100
  },
  "direction": {
    "direction_acc": 0.5258620689655172,
    "direction_acc_03": 0.5,
    "auc": 0.5529131985731273,
    "brier_score": 0.256795206046044,
    "calibration_error": 0.09162460332246321,
    "strong_signal_count": 49,
    "strong_signal_ratio": 0.4224137931034483,
    "strong_signal_win_rate": 0.5306122448979592,
    "direction_baseline_acc": 0.5,
    "direction_model_vs_baseline_improvement": 0.025862068965517238,
    "score": 0.2542089991494923,
    "direction_available": true
  },
  "interval": {
    "coverage_70": 0.6982758620689655,
    "coverage_80": 0.8017241379310345,
    "coverage_90": 0.896551724137931,
    "coverage_99": 0.9827586206896551,
    "width_70_bp": 637.5898733585711,
    "width_80_bp": 726.3382238204265,
    "width_90_bp": 915.4101405081117,
    "width_99_bp": 1337.2771159910424,
    "residual_group_used": null
  },
  "rmse": 0.02862078828239478,
  "mae": 0.022845127009912623,
  "p90_ae": 0.04577050702540558,
  "rmse_bp": 286.2078828239478,
  "mae_bp": 228.45127009912622,
  "p90_ae_bp": 457.70507025405584,
  "pred_real_corr": -0.12510424380923127,
  "pred_real_std_ratio": 0.07794665862765483,
  "baseline_zero_rmse_bp": 285.4334914016503,
  "baseline_mean_rmse_bp": 284.3954536420991,
  "model_vs_zero_improvement": -0.002713036296107881,
  "model_vs_mean_improvement": -0.00637291897123494,
  "flat_prediction": true,
  "low_correlation": true,
  "near_baseline": true,
  "score": 0.2542089991494923,
  "baseline_median_rmse_bp": 283.2315227811732,
  "baseline_last_rmse_bp": 439.6206744136262,
  "before_proxy_metrics": {
    "rmse": 0.028619207016500132,
    "mae": 0.02285789061252537,
    "p90_ae": 0.04649506964973504,
    "rmse_bp": 286.1920701650013,
    "mae_bp": 228.5789061252537,
    "p90_ae_bp": 464.95069649735035,
    "pred_real_corr": -0.17044738444737756,
    "pred_real_std_ratio": 0.062036886660871086,
    "baseline_zero_rmse_bp": 285.4334914016503,
    "baseline_mean_rmse_bp": 284.3954536420991,
    "model_vs_zero_improvement": -0.002657637545005405,
    "model_vs_mean_improvement": -0.006317318015790798,
    "flat_prediction": true,
    "low_correlation": true,
    "near_baseline": true,
    "score": 0.04416540411791067
  },
  "after_proxy_metrics": {
    "rmse": 0.02862078828239478,
    "mae": 0.022845127009912623,
    "p90_ae": 0.04577050702540558,
    "rmse_bp": 286.2078828239478,
    "mae_bp": 228.45127009912622,
    "p90_ae_bp": 457.70507025405584,
    "pred_real_corr": -0.12510424380923127,
    "pred_real_std_ratio": 0.07794665862765483,
    "baseline_zero_rmse_bp": 285.4334914016503,
    "baseline_mean_rmse_bp": 284.3954536420991,
    "model_vs_zero_improvement": -0.002713036296107881,
    "model_vs_mean_improvement": -0.00637291897123494,
    "flat_prediction": true,
    "low_correlation": true,
    "near_baseline": true,
    "score": 0.04376441534352887
  },
  "proxy_feature_gain": {
    "rmse_improvement": -1.581265894647077e-06,
    "mae_improvement": 1.2763602612746866e-05,
    "corr_improvement": 0.04534314063814629,
    "std_ratio_improvement": 0.015909771966783746,
    "mean_baseline_improvement_delta": -5.5600955444141606e-05
  },
  "proxy_features_helpful": false,
  "proxy_feature_count": 100,
  "direction_acc": 0.5258620689655172,
  "direction_acc_03": 0.5,
  "auc": 0.5529131985731273,
  "brier_score": 0.256795206046044,
  "calibration_error": 0.09162460332246321,
  "strong_signal_count": 49,
  "strong_signal_ratio": 0.4224137931034483,
  "strong_signal_win_rate": 0.5306122448979592,
  "direction_baseline_acc": 0.5,
  "direction_model_vs_baseline_improvement": 0.025862068965517238,
  "direction_available": true,
  "coverage_70": 0.6982758620689655,
  "coverage_80": 0.8017241379310345,
  "coverage_90": 0.896551724137931,
  "coverage_99": 0.9827586206896551,
  "width_70_bp": 637.5898733585711,
  "width_80_bp": 726.3382238204265,
  "width_90_bp": 915.4101405081117,
  "width_99_bp": 1337.2771159910424,
  "residual_group_used": null,
  "final_score": 0.04376441534352887,
  "residual_q70": 0.031879493667928555,
  "residual_q80": 0.036316911191021324,
  "residual_q90": 0.04577050702540558,
  "residual_q99": 0.06686385579955212
}