{
  "prediction_mode": "t_plus_1_close",
  "point": {
    "rmse": 0.01595928922517287,
    "mae": 0.012433707821286088,
    "p90_ae": 0.0245395696241445,
    "rmse_bp": 159.59289225172873,
    "mae_bp": 124.33707821286089,
    "p90_ae_bp": 245.395696241445,
    "pred_real_corr": 0.8274329300695258,
    "pred_real_std_ratio": 0.7650759495015764,
    "baseline_zero_rmse_bp": 285.4334914016503,
    "baseline_mean_rmse_bp": 284.3954536420991,
    "model_vs_zero_improvement": 0.4408753805727859,
    "model_vs_mean_improvement": 0.4388345868124519,
    "flat_prediction": false,
    "low_correlation": false,
    "near_baseline": false,
    "score": 0.02378687039992879,
    "baseline_median_rmse_bp": 283.2315227811732,
    "baseline_last_rmse_bp": 439.6206744136262,
    "before_proxy_metrics": {
      "rmse": 0.015776605199215775,
      "mae": 0.012340975988415265,
      "p90_ae": 0.024420019752093368,
      "rmse_bp": 157.76605199215774,
      "mae_bp": 123.40975988415265,
      "p90_ae_bp": 244.20019752093367,
      "pred_real_corr": 0.8332673299793849,
      "pred_real_std_ratio": 0.7552345780728362,
      "baseline_zero_rmse_bp": 285.4334914016503,
      "baseline_mean_rmse_bp": 284.3954536420991,
      "model_vs_zero_improvement": 0.44727561150083883,
      "model_vs_mean_improvement": 0.44525817845632526,
      "flat_prediction": false,
      "low_correlation": false,
      "near_baseline": false,
      "score": 0.023615727200402267
    },
    "after_proxy_metrics": {
      "rmse": 0.01595928922517287,
      "mae": 0.012433707821286088,
      "p90_ae": 0.0245395696241445,
      "rmse_bp": 159.59289225172873,
      "mae_bp": 124.33707821286089,
      "p90_ae_bp": 245.395696241445,
      "pred_real_corr": 0.8274329300695258,
      "pred_real_std_ratio": 0.7650759495015764,
      "baseline_zero_rmse_bp": 285.4334914016503,
      "baseline_mean_rmse_bp": 284.3954536420991,
      "model_vs_zero_improvement": 0.4408753805727859,
      "model_vs_mean_improvement": 0.4388345868124519,
      "flat_prediction": false,
      "low_correlation": false,
      "near_baseline": false,
      "score": 0.02378687039992879
    },
    "proxy_feature_gain": {
      "rmse_improvement": -0.0001826840259570965,
      "mae_improvement": -9.273183287082307e-05,
      "corr_improvement": -0.005834399909859123,
      "std_ratio_improvement": 0.009841371428740198,
      "mean_baseline_improvement_delta": -0.00642359164387335
    },
    "proxy_features_helpful": false,
    "proxy_feature_count": 93
  },
  "direction": {
    "direction_acc": 0.8362068965517241,
    "direction_acc_03": 0.8476190476190476,
    "auc": 0.9265755053507729,
    "brier_score": 0.1159168969434522,
    "calibration_error": 0.0823155333735809,
    "strong_signal_count": 108,
    "strong_signal_ratio": 0.9310344827586207,
    "strong_signal_win_rate": 0.8703703703703703,
    "direction_baseline_acc": 0.5,
    "direction_model_vs_baseline_improvement": 0.3362068965517241,
    "score": 0.08229620728827979,
    "direction_available": true
  },
  "interval": {
    "coverage_70": 0.6982758620689655,
    "coverage_80": 0.8017241379310345,
    "coverage_90": 0.896551724137931,
    "coverage_99": 0.9827586206896551,
    "width_70_bp": 291.8219305862513,
    "width_80_bp": 398.0279852640801,
    "width_90_bp": 490.79139248289,
    "width_99_bp": 776.1930922451138,
    "residual_group_used": null
  },
  "rmse": 0.01595928922517287,
  "mae": 0.012433707821286088,
  "p90_ae": 0.0245395696241445,
  "rmse_bp": 159.59289225172873,
  "mae_bp": 124.33707821286089,
  "p90_ae_bp": 245.395696241445,
  "pred_real_corr": 0.8274329300695258,
  "pred_real_std_ratio": 0.7650759495015764,
  "baseline_zero_rmse_bp": 285.4334914016503,
  "baseline_mean_rmse_bp": 284.3954536420991,
  "model_vs_zero_improvement": 0.4408753805727859,
  "model_vs_mean_improvement": 0.4388345868124519,
  "flat_prediction": false,
  "low_correlation": false,
  "near_baseline": false,
  "score": 0.08229620728827979,
  "baseline_median_rmse_bp": 283.2315227811732,
  "baseline_last_rmse_bp": 439.6206744136262,
  "before_proxy_metrics": {
    "rmse": 0.015776605199215775,
    "mae": 0.012340975988415265,
    "p90_ae": 0.024420019752093368,
    "rmse_bp": 157.76605199215774,
    "mae_bp": 123.40975988415265,
    "p90_ae_bp": 244.20019752093367,
    "pred_real_corr": 0.8332673299793849,
    "pred_real_std_ratio": 0.7552345780728362,
    "baseline_zero_rmse_bp": 285.4334914016503,
    "baseline_mean_rmse_bp": 284.3954536420991,
    "model_vs_zero_improvement": 0.44727561150083883,
    "model_vs_mean_improvement": 0.44525817845632526,
    "flat_prediction": false,
    "low_correlation": false,
    "near_baseline": false,
    "score": 0.023615727200402267
  },
  "after_proxy_metrics": {
    "rmse": 0.01595928922517287,
    "mae": 0.012433707821286088,
    "p90_ae": 0.0245395696241445,
    "rmse_bp": 159.59289225172873,
    "mae_bp": 124.33707821286089,
    "p90_ae_bp": 245.395696241445,
    "pred_real_corr": 0.8274329300695258,
    "pred_real_std_ratio": 0.7650759495015764,
    "baseline_zero_rmse_bp": 285.4334914016503,
    "baseline_mean_rmse_bp": 284.3954536420991,
    "model_vs_zero_improvement": 0.4408753805727859,
    "model_vs_mean_improvement": 0.4388345868124519,
    "flat_prediction": false,
    "low_correlation": false,
    "near_baseline": false,
    "score": 0.02378687039992879
  },
  "proxy_feature_gain": {
    "rmse_improvement": -0.0001826840259570965,
    "mae_improvement": -9.273183287082307e-05,
    "corr_improvement": -0.005834399909859123,
    "std_ratio_improvement": 0.009841371428740198,
    "mean_baseline_improvement_delta": -0.00642359164387335
  },
  "proxy_features_helpful": false,
  "proxy_feature_count": 93,
  "direction_acc": 0.8362068965517241,
  "direction_acc_03": 0.8476190476190476,
  "auc": 0.9265755053507729,
  "brier_score": 0.1159168969434522,
  "calibration_error": 0.0823155333735809,
  "strong_signal_count": 108,
  "strong_signal_ratio": 0.9310344827586207,
  "strong_signal_win_rate": 0.8703703703703703,
  "direction_baseline_acc": 0.5,
  "direction_model_vs_baseline_improvement": 0.3362068965517241,
  "direction_available": true,
  "coverage_70": 0.6982758620689655,
  "coverage_80": 0.8017241379310345,
  "coverage_90": 0.896551724137931,
  "coverage_99": 0.9827586206896551,
  "width_70_bp": 291.8219305862513,
  "width_80_bp": 398.0279852640801,
  "width_90_bp": 490.79139248289,
  "width_99_bp": 776.1930922451138,
  "residual_group_used": null,
  "final_score": 0.02378687039992879,
  "residual_q70": 0.014591096529312566,
  "residual_q80": 0.019901399263204004,
  "residual_q90": 0.0245395696241445,
  "residual_q99": 0.03880965461225569,
  "excess": {
    "excess_cyb": {
      "excess_corr": 0.9999472943745528,
      "excess_rmse": 0.00019437198624523407,
      "excess_direction_acc": 1.0,
      "excess_auc": 1.0,
      "outperform_prob": 0.5344827586206896,
      "model_available": true
    },
    "excess_kcb50": {
      "excess_corr": 0.9999600922125965,
      "excess_rmse": 0.00019080121634702658,
      "excess_direction_acc": 0.9913793103448276,
      "excess_auc": 1.0,
      "outperform_prob": 0.5431034482758621,
      "model_available": true
    },
    "excess_top10": {
      "excess_corr": 0.9999998648674302,
      "excess_rmse": 2.3422953327670363e-05,
      "excess_direction_acc": 1.0,
      "excess_auc": 1.0,
      "outperform_prob": 0.39655172413793105,
      "model_available": true
    },
    "excess_theme": {
      "excess_corr": 0.9998870969477349,
      "excess_rmse": 0.00030883101614450275,
      "excess_direction_acc": 0.9913793103448276,
      "excess_auc": 0.9997013142174432,
      "outperform_prob": 0.5258620689655172,
      "model_available": true
    }
  },
  "exposure_shift_flag": false,
  "exposure_shift_details": {
    "shift_flag": false,
    "proxy_r2_decline": -0.03959525505062711,
    "tracking_error_rise": 0.0021241057336411732
  }
}