{
  "prediction_mode": "t_plus_1_close",
  "training_mode": "fast",
  "refine_top_k": 5,
  "walk_forward_step": 5,
  "max_walk_forward_points": 40,
  "walk_forward_eval_points": 67,
  "point": {
    "rmse": 0.02911348854799136,
    "mae": 0.022599249726293076,
    "p90_ae": 0.048223357455861204,
    "rmse_bp": 291.1348854799136,
    "mae_bp": 225.99249726293075,
    "p90_ae_bp": 482.233574558612,
    "pred_real_corr": -0.11170365378326615,
    "pred_real_std_ratio": 0.1345643343640601,
    "baseline_zero_rmse_bp": 284.83135974482144,
    "baseline_mean_rmse_bp": 288.4861023278594,
    "model_vs_zero_improvement": -0.022130729357678357,
    "model_vs_mean_improvement": -0.009181666398071088,
    "flat_prediction": true,
    "low_correlation": true,
    "near_baseline": true,
    "score": 0.08527372887889305,
    "baseline_median_rmse_bp": 304.15780307407755,
    "baseline_last_rmse_bp": 472.4873296970576,
    "before_proxy_metrics": {
      "rmse": 0.031136588327464357,
      "mae": 0.024851628056390917,
      "p90_ae": 0.049695316423777884,
      "rmse_bp": 311.3658832746436,
      "mae_bp": 248.51628056390916,
      "p90_ae_bp": 496.9531642377788,
      "pred_real_corr": -0.09736567083399925,
      "pred_real_std_ratio": 0.1327751417498211,
      "baseline_zero_rmse_bp": 308.72567916093465,
      "baseline_mean_rmse_bp": 302.15220299503966,
      "model_vs_zero_improvement": -0.008551942037619166,
      "model_vs_mean_improvement": -0.030493506875921044,
      "flat_prediction": true,
      "low_correlation": true,
      "near_baseline": true,
      "score": 0.08755679579453454
    },
    "after_proxy_metrics": {
      "rmse": 0.02911348854799136,
      "mae": 0.022599249726293076,
      "p90_ae": 0.048223357455861204,
      "rmse_bp": 291.1348854799136,
      "mae_bp": 225.99249726293075,
      "p90_ae_bp": 482.233574558612,
      "pred_real_corr": -0.11170365378326615,
      "pred_real_std_ratio": 0.1345643343640601,
      "baseline_zero_rmse_bp": 284.83135974482144,
      "baseline_mean_rmse_bp": 288.4861023278594,
      "model_vs_zero_improvement": -0.022130729357678357,
      "model_vs_mean_improvement": -0.009181666398071088,
      "flat_prediction": true,
      "low_correlation": true,
      "near_baseline": true,
      "score": 0.08527372887889305
    },
    "proxy_feature_gain": {
      "rmse_improvement": 0.002023099779472997,
      "mae_improvement": 0.0022523783300978407,
      "corr_improvement": -0.0143379829492669,
      "std_ratio_improvement": 0.001789192614238988,
      "mean_baseline_improvement_delta": 0.021311840477849956
    },
    "proxy_features_helpful": false,
    "proxy_feature_count": 79
  },
  "direction": {
    "direction_acc": 0.49411764705882355,
    "direction_acc_03": 0.5135135135135135,
    "auc": 0.512735326688815,
    "brier_score": 0.2578421747123263,
    "calibration_error": 0.08902266196841391,
    "strong_signal_count": 0,
    "strong_signal_ratio": 0.0,
    "strong_signal_win_rate": null,
    "direction_baseline_acc": 0.5058823529411764,
    "direction_model_vs_baseline_improvement": -0.0117647058823529,
    "score": 0.2578421747123263,
    "direction_available": true
  },
  "interval": {
    "coverage_70": 0.7014925373134329,
    "coverage_80": 0.7910447761194029,
    "coverage_90": 0.8955223880597015,
    "coverage_99": 0.9850746268656716,
    "width_70_bp": 654.9704278228231,
    "width_80_bp": 791.4597582918518,
    "width_90_bp": 1036.2062516797064,
    "width_99_bp": 1320.445140305829,
    "residual_group_used": null
  },
  "rmse": 0.02911348854799136,
  "mae": 0.022599249726293076,
  "p90_ae": 0.048223357455861204,
  "rmse_bp": 291.1348854799136,
  "mae_bp": 225.99249726293075,
  "p90_ae_bp": 482.233574558612,
  "pred_real_corr": -0.11170365378326615,
  "pred_real_std_ratio": 0.1345643343640601,
  "baseline_zero_rmse_bp": 284.83135974482144,
  "baseline_mean_rmse_bp": 288.4861023278594,
  "model_vs_zero_improvement": -0.022130729357678357,
  "model_vs_mean_improvement": -0.009181666398071088,
  "flat_prediction": true,
  "low_correlation": true,
  "near_baseline": true,
  "score": 0.2578421747123263,
  "baseline_median_rmse_bp": 304.15780307407755,
  "baseline_last_rmse_bp": 472.4873296970576,
  "before_proxy_metrics": {
    "rmse": 0.031136588327464357,
    "mae": 0.024851628056390917,
    "p90_ae": 0.049695316423777884,
    "rmse_bp": 311.3658832746436,
    "mae_bp": 248.51628056390916,
    "p90_ae_bp": 496.9531642377788,
    "pred_real_corr": -0.09736567083399925,
    "pred_real_std_ratio": 0.1327751417498211,
    "baseline_zero_rmse_bp": 308.72567916093465,
    "baseline_mean_rmse_bp": 302.15220299503966,
    "model_vs_zero_improvement": -0.008551942037619166,
    "model_vs_mean_improvement": -0.030493506875921044,
    "flat_prediction": true,
    "low_correlation": true,
    "near_baseline": true,
    "score": 0.08755679579453454
  },
  "after_proxy_metrics": {
    "rmse": 0.02911348854799136,
    "mae": 0.022599249726293076,
    "p90_ae": 0.048223357455861204,
    "rmse_bp": 291.1348854799136,
    "mae_bp": 225.99249726293075,
    "p90_ae_bp": 482.233574558612,
    "pred_real_corr": -0.11170365378326615,
    "pred_real_std_ratio": 0.1345643343640601,
    "baseline_zero_rmse_bp": 284.83135974482144,
    "baseline_mean_rmse_bp": 288.4861023278594,
    "model_vs_zero_improvement": -0.022130729357678357,
    "model_vs_mean_improvement": -0.009181666398071088,
    "flat_prediction": true,
    "low_correlation": true,
    "near_baseline": true,
    "score": 0.08527372887889305
  },
  "proxy_feature_gain": {
    "rmse_improvement": 0.002023099779472997,
    "mae_improvement": 0.0022523783300978407,
    "corr_improvement": -0.0143379829492669,
    "std_ratio_improvement": 0.001789192614238988,
    "mean_baseline_improvement_delta": 0.021311840477849956
  },
  "proxy_features_helpful": false,
  "proxy_feature_count": 79,
  "direction_acc": 0.49411764705882355,
  "direction_acc_03": 0.5135135135135135,
  "auc": 0.512735326688815,
  "brier_score": 0.2578421747123263,
  "calibration_error": 0.08902266196841391,
  "strong_signal_count": 0,
  "strong_signal_ratio": 0.0,
  "strong_signal_win_rate": null,
  "direction_baseline_acc": 0.5058823529411764,
  "direction_model_vs_baseline_improvement": -0.0117647058823529,
  "direction_available": true,
  "coverage_70": 0.7014925373134329,
  "coverage_80": 0.7910447761194029,
  "coverage_90": 0.8955223880597015,
  "coverage_99": 0.9850746268656716,
  "width_70_bp": 654.9704278228231,
  "width_80_bp": 791.4597582918518,
  "width_90_bp": 1036.2062516797064,
  "width_99_bp": 1320.445140305829,
  "residual_group_used": null,
  "final_score": 0.08527372887889305,
  "residual_q70": 0.03274852139114116,
  "residual_q80": 0.03957298791459259,
  "residual_q90": 0.051810312583985316,
  "residual_q99": 0.06602225701529145,
  "excess": {
    "excess_cyb": {
      "excess_corr": 0.2550124079432826,
      "excess_rmse": 0.01859986516025334,
      "excess_direction_acc": 0.5074626865671642,
      "excess_auc": 0.5672043010752688,
      "outperform_prob": 0.582089552238806,
      "model_available": true
    },
    "excess_kcb50": {
      "excess_corr": 0.2506728001523481,
      "excess_rmse": 0.024803161487821482,
      "excess_direction_acc": 0.5223880597014925,
      "excess_auc": 0.4865591397849462,
      "outperform_prob": 0.5671641791044776,
      "model_available": true
    },
    "excess_top10": {
      "excess_corr": -0.010487293258610092,
      "excess_rmse": 0.008472216201164166,
      "excess_direction_acc": 0.6268656716417911,
      "excess_auc": 0.478095238095238,
      "outperform_prob": 0.26865671641791045,
      "model_available": true
    },
    "excess_theme": {
      "excess_corr": 0.23446381416303802,
      "excess_rmse": 0.01972884119024567,
      "excess_direction_acc": 0.5373134328358209,
      "excess_auc": 0.5855614973262032,
      "outperform_prob": 0.582089552238806,
      "model_available": true
    }
  },
  "exposure_shift_flag": false,