{
  "prediction_mode": "t_plus_1_close",
  "point": {
    "rmse": 0.01693859144113407,
    "mae": 0.013523359642067375,
    "p90_ae": 0.026300501642637215,
    "rmse_bp": 169.3859144113407,
    "mae_bp": 135.23359642067376,
    "p90_ae_bp": 263.00501642637215,
    "pred_real_corr": 0.81136627607058,
    "pred_real_std_ratio": 0.6937372541849017,
    "baseline_zero_rmse_bp": 285.4334914016503,
    "baseline_mean_rmse_bp": 284.3954536420991,
    "model_vs_zero_improvement": 0.4065660845209374,
    "model_vs_mean_improvement": 0.40440006251117344,
    "flat_prediction": false,
    "low_correlation": false,
    "near_baseline": false,
    "score": 0.025468481962477644,
    "baseline_median_rmse_bp": 283.2315227811732,
    "baseline_last_rmse_bp": 439.6206744136262,
    "before_proxy_metrics": null,
    "after_proxy_metrics": {
      "rmse": 0.01693859144113407,
      "mae": 0.013523359642067375,
      "p90_ae": 0.026300501642637215,
      "rmse_bp": 169.3859144113407,
      "mae_bp": 135.23359642067376,
      "p90_ae_bp": 263.00501642637215,
      "pred_real_corr": 0.81136627607058,
      "pred_real_std_ratio": 0.6937372541849017,
      "baseline_zero_rmse_bp": 285.4334914016503,
      "baseline_mean_rmse_bp": 284.3954536420991,
      "model_vs_zero_improvement": 0.4065660845209374,
      "model_vs_mean_improvement": 0.40440006251117344,
      "flat_prediction": false,
      "low_correlation": false,
      "near_baseline": false,
      "score": 0.025468481962477644
    },
    "proxy_feature_gain": null,
    "proxy_features_helpful": false,
    "proxy_feature_count": 0
  },
  "direction": {
    "direction_acc": 0.853448275862069,
    "direction_acc_03": 0.8275862068965517,
    "auc": 0.9247919143876338,
    "brier_score": 0.10617974795990723,
    "calibration_error": 0.06232898146649782,
    "strong_signal_count": 109,
    "strong_signal_ratio": 0.9396551724137931,
    "strong_signal_win_rate": 0.8715596330275229,
    "direction_baseline_acc": 0.5,
    "direction_model_vs_baseline_improvement": 0.35344827586206895,
    "score": 0.07083492037370033,
    "direction_available": true
  },
  "interval": {
    "coverage_70": 0.6982758620689655,
    "coverage_80": 0.8017241379310345,
    "coverage_90": 0.896551724137931,
    "coverage_99": 0.9827586206896551,
    "width_70_bp": 336.12759898182657,
    "width_80_bp": 395.1876612618285,
    "width_90_bp": 526.0100328527443,
    "width_99_bp": 853.203230764462,
    "residual_group_used": null
  },
  "rmse": 0.01693859144113407,
  "mae": 0.013523359642067375,
  "p90_ae": 0.026300501642637215,
  "rmse_bp": 169.3859144113407,
  "mae_bp": 135.23359642067376,
  "p90_ae_bp": 263.00501642637215,
  "pred_real_corr": 0.81136627607058,
  "pred_real_std_ratio": 0.6937372541849017,
  "baseline_zero_rmse_bp": 285.4334914016503,
  "baseline_mean_rmse_bp": 284.3954536420991,
  "model_vs_zero_improvement": 0.4065660845209374,
  "model_vs_mean_improvement": 0.40440006251117344,
  "flat_prediction": false,
  "low_correlation": false,
  "near_baseline": false,
  "score": 0.07083492037370033,
  "baseline_median_rmse_bp": 283.2315227811732,
  "baseline_last_rmse_bp": 439.6206744136262,
  "before_proxy_metrics": null,
  "after_proxy_metrics": {
    "rmse": 0.01693859144113407,
    "mae": 0.013523359642067375,
    "p90_ae": 0.026300501642637215,
    "rmse_bp": 169.3859144113407,
    "mae_bp": 135.23359642067376,
    "p90_ae_bp": 263.00501642637215,
    "pred_real_corr": 0.81136627607058,
    "pred_real_std_ratio": 0.6937372541849017,
    "baseline_zero_rmse_bp": 285.4334914016503,
    "baseline_mean_rmse_bp": 284.3954536420991,
    "model_vs_zero_improvement": 0.4065660845209374,
    "model_vs_mean_improvement": 0.40440006251117344,
    "flat_prediction": false,
    "low_correlation": false,
    "near_baseline": false,
    "score": 0.025468481962477644
  },
  "proxy_feature_gain": null,
  "proxy_features_helpful": false,
  "proxy_feature_count": 0,
  "direction_acc": 0.853448275862069,
  "direction_acc_03": 0.8275862068965517,
  "auc": 0.9247919143876338,
  "brier_score": 0.10617974795990723,
  "calibration_error": 0.06232898146649782,
  "strong_signal_count": 109,
  "strong_signal_ratio": 0.9396551724137931,
  "strong_signal_win_rate": 0.8715596330275229,
  "direction_baseline_acc": 0.5,
  "direction_model_vs_baseline_improvement": 0.35344827586206895,
  "direction_available": true,
  "coverage_70": 0.6982758620689655,
  "coverage_80": 0.8017241379310345,
  "coverage_90": 0.896551724137931,
  "coverage_99": 0.9827586206896551,
  "width_70_bp": 336.12759898182657,
  "width_80_bp": 395.1876612618285,
  "width_90_bp": 526.0100328527443,
  "width_99_bp": 853.203230764462,
  "residual_group_used": null,
  "final_score": 0.025468481962477644,
  "residual_q70": 0.01680637994909133,
  "residual_q80": 0.019759383063091426,
  "residual_q90": 0.026300501642637215,
  "residual_q99": 0.0426601615382231,
  "excess": {
    "excess_cyb": {
      "excess_corr": 0.9999914512975283,
      "excess_rmse": 7.779128313352777e-05,
      "excess_direction_acc": 1.0,
      "excess_auc": 1.0,
      "outperform_prob": 0.5344827586206896,
      "model_available": true
    },
    "excess_kcb50": {
      "excess_corr": 0.999994351050992,
      "excess_rmse": 8.953241776207683e-05,
      "excess_direction_acc": 1.0,
      "excess_auc": 1.0,
      "outperform_prob": 0.5344827586206896,
      "model_available": true
    }
  },
  "exposure_shift_flag": false,
  "exposure_shift_details": {
    "shift_flag": false,
    "proxy_r2_decline": null,
    "tracking_error_rise": null
  }
}